"","ethnicity","population","gp_consult","gp_consult_covg","oc_instance","oc_instance_covg","gp_consult_rate","gp_consult_covg_rate","oc_instance_rate","oc_instance_covg_rate"
"1","Asian",1252414,13966420,995568,115431,43196,11.151600030022,0.794919251940652,0.0921668074614305,0.0344901925401664
"2","Black",412399,4149200,318858,35700,14157,10.0611301191322,0.773178402469453,0.0865666502586088,0.0343284052580147
"3","Mixed",249470,2224613,189299,28973,10708,8.91735679640839,0.75880466589169,0.116138213011585,0.0429229967531166
"4","Other",6026577,52567492,4775182,836120,289469,8.72261185744412,0.792353934911974,0.138738789863632,0.0480320752559869
"5","White",12710176,155053913,10887858,2129515,730389,12.1991948026526,0.856625274111074,0.167544100097434,0.0574649005647129
