"","care_home_type","population","gp_consult","gp_consult_covg","oc_instance","oc_instance_covg","gp_consult_rate","gp_consult_covg_rate","oc_instance_rate","oc_instance_covg_rate"
"1","Care home",37137,827450,35080,8655,2592,22.2810135444435,0.944610496270566,0.233055981904839,0.069795621617255
"2","Non",20613899,227134188,17131685,3137084,1085327,11.0184971799852,0.831074460974122,0.15218295190056,0.0526502531132029
