"","has_disability","population","gp_consult","gp_consult_covg","oc_instance","oc_instance_covg","gp_consult_rate","gp_consult_covg_rate","oc_instance_rate","oc_instance_covg_rate"
"1",0,20281564,223379200,16842807,3088986,1069220,11.0139040559199,0.830449121182173,0.152305118086554,0.0527188139928459
"2",1,369472,4582438,323958,56753,18699,12.4026665078815,0.876813398579595,0.153605685951845,0.0506100597609562
