"","imd_quin","population","gp_consult","gp_consult_covg","oc_instance","oc_instance_covg","gp_consult_rate","gp_consult_covg_rate","oc_instance_rate","oc_instance_covg_rate"
"1","Q1",4157772,47077291,3376403,514493,167889,11.3227206782864,0.812070262631044,0.123742475537379,0.0403795590523001
"2","Q2",4032329,44568283,3297000,616810,209375,11.0527397442024,0.81764161604869,0.152966189018803,0.0519240865514694
"3","Q3",4259619,47403336,3545312,641677,236391,11.1285389608789,0.832307302601477,0.150641876656105,0.0554958084279369
"4","Q4",4052737,44356775,3409747,689172,235705,10.9448935373798,0.841344256979913,0.170051005036843,0.0581594611246671
"5","Q5",3796821,40379492,3238612,624953,219527,10.635079188616,0.852979900817026,0.1645990158609,0.0578186330090357
"6",NA,351758,4176461,299691,58634,19032,11.873108785017,0.851980623041978,0.166688461953957,0.0541053792664275
